{"cameraMode":{"drawMode":0,"name":"Shaded","section":"Shading Mode"},"sceneLighting":false,"audioPlay":false,"sceneViewState":{"showFog":true,"showMaterialUpdate":false,"showSkybox":true,"showFlares":true,"showImageEffects":true,"showParticleSystems":true},"in2DMode":false,"pivot":{"x":2.384185791015625e-7,"y":-2.384185791015625e-7,"z":-0.0000021457672119140626},"rotation":{"x":-0.10952452570199967,"y":0.8623142838478088,"z":-0.2113056629896164,"w":-0.44695794582366946},"size":12.90080738067627,"orthographic":false}